text,patterns,tool,mean_s,stddev_s,median_s,min_s,max_s,runs
natural,1,ahogrep,0.001868,0.000230,0.001822,0.001639,0.002917,30
natural,1,grep-F,0.000497,0.000043,0.000492,0.000423,0.000599,30
natural,1,rg-F,0.001170,0.000191,0.001122,0.001003,0.002097,30
natural,10,ahogrep,0.001975,0.000177,0.001937,0.001756,0.002539,30
natural,10,grep-F,0.000492,0.000091,0.000463,0.000427,0.000897,30
natural,10,rg-F,0.001345,0.000368,0.001177,0.001001,0.002265,30
natural,100,ahogrep,0.002698,0.000430,0.002580,0.002290,0.004270,30
natural,100,grep-F,0.000546,0.000140,0.000504,0.000474,0.001206,30
natural,100,rg-F,0.002124,0.000577,0.001891,0.001534,0.003873,30
natural,1000,ahogrep,0.008145,0.000563,0.008025,0.007472,0.010654,30
natural,1000,grep-F,0.001146,0.000236,0.001071,0.000915,0.001942,30
natural,1000,rg-F,0.004027,0.000861,0.003721,0.003175,0.007146,30
natural,10000,ahogrep,0.057685,0.002661,0.056884,0.055032,0.065959,30
natural,10000,grep-F,0.005936,0.000353,0.005928,0.005334,0.006595,30
natural,10000,rg-F,0.013288,0.001358,0.013048,0.011801,0.018781,30
natural,100000,ahogrep,1.067963,0.089311,1.038881,0.981094,1.238784,10
natural,100000,grep-F,0.141775,0.014070,0.134998,0.125898,0.168528,22
natural,100000,rg-F,0.141640,0.005198,0.141290,0.134739,0.152992,21
random,1,ahogrep,0.001757,0.000088,0.001761,0.001598,0.001949,30
random,1,grep-F,0.000520,0.000230,0.000448,0.000416,0.001399,30
random,1,rg-F,0.001119,0.000128,0.001070,0.000929,0.001457,30
random,10,ahogrep,0.002303,0.000855,0.002015,0.001754,0.005732,30
random,10,grep-F,0.000495,0.000110,0.000466,0.000416,0.001023,30
random,10,rg-F,0.001427,0.000428,0.001223,0.001070,0.002589,30
random,100,ahogrep,0.002701,0.000259,0.002633,0.002413,0.003382,30
random,100,grep-F,0.000572,0.000054,0.000574,0.000489,0.000700,30
random,100,rg-F,0.001854,0.000389,0.001688,0.001465,0.002965,30
random,1000,ahogrep,0.009020,0.000753,0.008834,0.008208,0.011786,30
random,1000,grep-F,0.001230,0.000244,0.001124,0.000990,0.001899,30
random,1000,rg-F,0.004205,0.000763,0.004037,0.003301,0.006325,30
random,10000,ahogrep,0.071509,0.004411,0.070061,0.067334,0.087077,30
random,10000,grep-F,0.008115,0.000961,0.007982,0.006977,0.011478,30
random,10000,rg-F,0.013877,0.000827,0.013790,0.012549,0.015829,30
random,100000,ahogrep,1.058132,0.051127,1.050247,0.993873,1.140944,10
random,100000,grep-F,0.144920,0.017874,0.140113,0.132051,0.210355,21
random,100000,rg-F,0.173110,0.006829,0.172011,0.164008,0.196091,17
