text,patterns,tool,max_rss_kb,nodes,table_bytes
natural,1,ahogrep,5760,8,8192
natural,1,grep-F,2432,,
natural,1,rg-F,7168,,
natural,10,ahogrep,5888,80,81920
natural,10,grep-F,2432,,
natural,10,rg-F,7168,,
natural,100,ahogrep,6572,668,684032
natural,100,grep-F,2432,,
natural,100,rg-F,7552,,
natural,1000,ahogrep,12140,5743,5880832
natural,1000,grep-F,2944,,
natural,1000,rg-F,9264,,
natural,10000,ahogrep,71396,45623,46717952
natural,10000,grep-F,6912,,
natural,10000,rg-F,12760,,
natural,100000,ahogrep,1084576,567825,581452800
natural,100000,grep-F,57436,,
natural,100000,rg-F,68576,,
random,1,ahogrep,5760,10,10240
random,1,grep-F,2432,,
random,1,rg-F,7168,,
random,10,ahogrep,5888,83,84992
random,10,grep-F,2560,,
random,10,rg-F,7168,,
random,100,ahogrep,6572,754,772096
random,100,grep-F,2432,,
random,100,rg-F,7424,,
random,1000,ahogrep,13224,7164,7335936
random,1000,grep-F,3072,,
random,1000,rg-F,9664,,
random,10000,ahogrep,74100,64436,65982464
random,10000,grep-F,8704,,
random,10000,rg-F,13016,,
random,100000,ahogrep,1084304,589016,603152384
random,100000,grep-F,59360,,
random,100000,rg-F,72520,,
