text,size_mb,size_bytes,patterns,tool,mean_s,stddev_s,median_s,min_s,max_s,runs
natural,1,999987,1,ahogrep,0.002967,0.000221,0.002937,0.002720,0.003909,30
natural,1,999987,1,grep-F,0.001276,0.000103,0.001256,0.001126,0.001583,30
natural,1,999987,1,rg-F,0.001169,0.000099,0.001155,0.000997,0.001461,30
natural,1,999987,1,grep-loop,0.002115,0.000174,0.002058,0.001920,0.002610,30
natural,1,999987,10,ahogrep,0.005383,0.000381,0.005271,0.005067,0.007117,30
natural,1,999987,10,grep-F,0.004067,0.000637,0.003848,0.003648,0.006267,30
natural,1,999987,10,rg-F,0.001358,0.000344,0.001249,0.001164,0.002749,30
natural,1,999987,10,grep-loop,0.012258,0.000258,0.012295,0.011640,0.012845,30
natural,1,999987,100,ahogrep,0.010135,0.003906,0.008731,0.007513,0.023504,30
natural,1,999987,100,grep-F,0.010503,0.004722,0.009245,0.008919,0.033035,30
natural,1,999987,100,rg-F,0.003858,0.001715,0.003493,0.003025,0.010857,30
natural,1,999987,100,grep-loop,0.119632,0.013434,0.115401,0.108436,0.160807,18
natural,1,999987,1000,ahogrep,0.015907,0.000632,0.015729,0.014994,0.017678,30
natural,1,999987,1000,grep-F,0.010063,0.000401,0.009991,0.009581,0.010985,30
natural,1,999987,1000,rg-F,0.007100,0.000221,0.007093,0.006715,0.007688,30
natural,1,999987,10000,ahogrep,0.068559,0.004607,0.067469,0.064771,0.084216,30
natural,1,999987,10000,grep-F,0.009688,0.000661,0.009468,0.008892,0.012014,30
natural,1,999987,10000,rg-F,0.014895,0.000562,0.014811,0.014092,0.016387,30
natural,1,999987,100000,ahogrep,1.071414,0.044216,1.072575,1.012478,1.135715,10
natural,1,999987,100000,grep-F,0.148218,0.015835,0.148538,0.130605,0.180385,16
natural,1,999987,100000,rg-F,0.137233,0.003324,0.136690,0.132465,0.146367,22
natural,10,9999945,1,ahogrep,0.014359,0.000938,0.014065,0.013247,0.017238,15
natural,10,9999945,1,grep-F,0.006708,0.000501,0.006529,0.006249,0.008183,15
natural,10,9999945,1,rg-F,0.002189,0.000105,0.002210,0.002048,0.002417,15
natural,10,9999945,1,grep-loop,0.007550,0.000697,0.007371,0.007036,0.009813,15
natural,10,9999945,10,ahogrep,0.041889,0.006700,0.040535,0.037184,0.064685,15
natural,10,9999945,10,grep-F,0.034192,0.001433,0.034057,0.032549,0.037581,15
natural,10,9999945,10,rg-F,0.002682,0.000183,0.002616,0.002398,0.003049,15
natural,10,9999945,10,grep-loop,0.057474,0.006352,0.054709,0.051747,0.071678,15
natural,10,9999945,100,ahogrep,0.061055,0.003225,0.059641,0.058205,0.068331,15
natural,10,9999945,100,grep-F,0.092543,0.002096,0.092689,0.089345,0.095453,15
natural,10,9999945,100,rg-F,0.014583,0.000963,0.014261,0.013618,0.016918,15
natural,10,9999945,100,grep-loop,0.536901,0.028682,0.533402,0.503828,0.576757,10
natural,10,9999945,1000,ahogrep,0.092676,0.005467,0.091292,0.086491,0.110182,15
natural,10,9999945,1000,grep-F,0.096837,0.003312,0.095968,0.092317,0.103527,15
natural,10,9999945,1000,rg-F,0.022154,0.001093,0.022165,0.020544,0.023881,15
natural,10,9999945,10000,ahogrep,0.173842,0.006938,0.171680,0.168006,0.196837,15
natural,10,9999945,10000,grep-F,0.060189,0.010778,0.054874,0.051081,0.083082,15
natural,10,9999945,10000,rg-F,0.042674,0.002383,0.041961,0.040201,0.049451,15
natural,10,9999945,100000,ahogrep,1.795173,0.192875,1.788670,1.586138,2.099912,10
natural,10,9999945,100000,grep-F,0.179247,0.016254,0.171734,0.165963,0.210075,15
natural,10,9999945,100000,rg-F,0.162690,0.004653,0.160604,0.158072,0.173166,15
natural,100,99999965,1,ahogrep,0.129933,0.003589,0.129975,0.125079,0.136565,10
natural,100,99999965,1,grep-F,0.061785,0.001448,0.062067,0.058621,0.064060,10
natural,100,99999965,1,rg-F,0.010704,0.000373,0.010600,0.010156,0.011295,10
natural,100,99999965,1,grep-loop,0.071154,0.005840,0.072152,0.061257,0.077756,10
natural,100,99999965,10,ahogrep,0.388005,0.005609,0.387122,0.380220,0.395121,10
natural,100,99999965,10,grep-F,0.336921,0.005809,0.335720,0.329391,0.347191,10
natural,100,99999965,10,rg-F,0.016355,0.000501,0.016336,0.015667,0.017402,10
natural,100,99999965,10,grep-loop,0.466412,0.009917,0.464140,0.453208,0.485356,10
natural,100,99999965,100,ahogrep,0.577008,0.008475,0.574330,0.568464,0.595376,10
natural,100,99999965,100,grep-F,0.928919,0.009162,0.927808,0.915024,0.947975,10
natural,100,99999965,100,rg-F,0.125882,0.004665,0.124790,0.120047,0.133402,10
natural,100,99999965,100,grep-loop,4.499017,0.125267,4.457673,4.362525,4.764879,10
natural,100,99999965,1000,ahogrep,0.834949,0.015185,0.831217,0.812875,0.862720,10
natural,100,99999965,1000,grep-F,0.949555,0.015240,0.946822,0.919016,0.970933,10
natural,100,99999965,1000,rg-F,0.154409,0.004651,0.153715,0.149896,0.161628,10
natural,100,99999965,10000,ahogrep,1.185270,0.028324,1.178759,1.161793,1.255413,10
natural,100,99999965,10000,grep-F,0.468995,0.009062,0.468159,0.458628,0.486351,10
natural,100,99999965,10000,rg-F,0.305182,0.008688,0.305613,0.294706,0.318424,10
natural,100,99999965,100000,ahogrep,8.167018,0.769950,8.412253,7.251539,9.119992,10
natural,100,99999965,100000,grep-F,0.732586,0.143014,0.694420,0.604162,1.011615,10
natural,100,99999965,100000,rg-F,0.479782,0.069115,0.457932,0.414672,0.636366,10
random,1,999973,1,ahogrep,0.004844,0.001500,0.004220,0.003669,0.010319,30
random,1,999973,1,grep-F,0.002037,0.001506,0.001465,0.001244,0.007662,30
random,1,999973,1,rg-F,0.001511,0.000375,0.001404,0.001189,0.002763,30
random,1,999973,1,grep-loop,0.002281,0.000459,0.002062,0.001744,0.003826,30
random,1,999973,10,ahogrep,0.009627,0.002055,0.009490,0.007830,0.019577,30
random,1,999973,10,grep-F,0.009529,0.002698,0.008799,0.007076,0.019633,30
random,1,999973,10,rg-F,0.002185,0.000503,0.002008,0.001545,0.003939,30
random,1,999973,10,grep-loop,0.017306,0.002512,0.017382,0.012937,0.023082,30
random,1,999973,100,ahogrep,0.010073,0.006653,0.007140,0.006424,0.037273,30
random,1,999973,100,grep-F,0.021742,0.008820,0.017534,0.014333,0.049983,30
random,1,999973,100,rg-F,0.004006,0.001759,0.003536,0.003042,0.011761,30
random,1,999973,100,grep-loop,0.161901,0.015775,0.160323,0.140712,0.193498,18
random,1,999973,1000,ahogrep,0.027763,0.007360,0.027943,0.017181,0.038502,30
random,1,999973,1000,grep-F,0.032925,0.011605,0.029246,0.019825,0.064518,30
random,1,999973,1000,rg-F,0.021319,0.007049,0.023512,0.013041,0.034924,30
random,1,999973,10000,ahogrep,0.145266,0.035864,0.140037,0.090664,0.221090,25
random,1,999973,10000,grep-F,0.050325,0.016791,0.045539,0.029263,0.082631,30
random,1,999973,10000,rg-F,0.036324,0.010591,0.038655,0.022419,0.052920,30
random,1,999973,100000,ahogrep,1.209557,0.110972,1.187714,1.087340,1.387345,10
random,1,999973,100000,grep-F,0.194753,0.033080,0.197811,0.156675,0.289881,14
random,1,999973,100000,rg-F,0.202001,0.016154,0.201483,0.182289,0.235183,16
random,10,9999972,1,ahogrep,0.019357,0.000890,0.019179,0.018144,0.020859,15
random,10,9999972,1,grep-F,0.006494,0.001238,0.006427,0.004964,0.009097,15
random,10,9999972,1,rg-F,0.003014,0.000718,0.002780,0.002331,0.004664,15
random,10,9999972,1,grep-loop,0.006828,0.001065,0.006422,0.005875,0.009573,15
random,10,9999972,10,ahogrep,0.058637,0.002475,0.057873,0.055198,0.063714,15
random,10,9999972,10,grep-F,0.061417,0.007505,0.059406,0.055799,0.086742,15
random,10,9999972,10,rg-F,0.003084,0.000415,0.002927,0.002740,0.004279,15
random,10,9999972,10,grep-loop,0.060228,0.002075,0.059663,0.056994,0.064299,15
random,10,9999972,100,ahogrep,0.045265,0.002060,0.044642,0.043600,0.052301,15
random,10,9999972,100,grep-F,0.155461,0.027721,0.146927,0.137432,0.251767,15
random,10,9999972,100,rg-F,0.015297,0.001759,0.014961,0.013572,0.020835,15
random,10,9999972,100,grep-loop,0.583955,0.031009,0.571760,0.558553,0.652995,10
random,10,9999972,1000,ahogrep,0.089831,0.002437,0.088696,0.086963,0.095193,15
random,10,9999972,1000,grep-F,0.195863,0.006008,0.196140,0.184756,0.205875,15
random,10,9999972,1000,rg-F,0.032256,0.001638,0.031844,0.030935,0.037582,15
random,10,9999972,10000,ahogrep,0.209924,0.004948,0.208677,0.203644,0.222271,14
random,10,9999972,10000,grep-F,0.277437,0.010295,0.276272,0.263428,0.294090,10
random,10,9999972,10000,rg-F,0.107923,0.016040,0.103503,0.098646,0.163494,15
random,10,9999972,100000,ahogrep,1.572657,0.170959,1.518224,1.410386,1.876149,10
random,10,9999972,100000,grep-F,0.582605,0.075112,0.549125,0.531751,0.752203,10
random,10,9999972,100000,rg-F,0.261896,0.006793,0.260856,0.252687,0.271663,11
random,100,99999953,1,ahogrep,0.163892,0.004777,0.163156,0.156804,0.172330,10
random,100,99999953,1,grep-F,0.042300,0.001428,0.041991,0.040922,0.045872,10
random,100,99999953,1,rg-F,0.012497,0.001410,0.012230,0.011024,0.015055,10
random,100,99999953,1,grep-loop,0.045193,0.005294,0.043986,0.042532,0.060103,10
random,100,99999953,10,ahogrep,0.568693,0.014845,0.567449,0.545954,0.598173,10
random,100,99999953,10,grep-F,0.562523,0.007073,0.563710,0.549816,0.571122,10
random,100,99999953,10,rg-F,0.015423,0.000257,0.015321,0.015160,0.015914,10
random,100,99999953,10,grep-loop,0.492682,0.007946,0.489340,0.485511,0.510245,10
random,100,99999953,100,ahogrep,0.421522,0.008285,0.422843,0.409072,0.431041,10
random,100,99999953,100,grep-F,1.402556,0.014782,1.401367,1.382019,1.427344,10
random,100,99999953,100,rg-F,0.124662,0.005214,0.122874,0.119245,0.135463,10
random,100,99999953,100,grep-loop,4.816064,0.054191,4.813814,4.731445,4.897502,10
random,100,99999953,1000,ahogrep,0.817898,0.019272,0.820558,0.790169,0.843192,10
random,100,99999953,1000,grep-F,1.902751,0.021874,1.904594,1.863526,1.937669,10
random,100,99999953,1000,rg-F,0.186269,0.003071,0.186249,0.182865,0.191588,10
random,100,99999953,10000,ahogrep,1.577378,0.111724,1.548486,1.467935,1.849952,10
random,100,99999953,10000,grep-F,3.617428,0.736111,3.610334,2.829240,4.575038,10
random,100,99999953,10000,rg-F,0.936783,0.027201,0.928357,0.911456,1.007071,10
random,100,99999953,100000,ahogrep,5.092482,0.086966,5.064291,4.951834,5.250354,10
random,100,99999953,100000,grep-F,4.471271,0.032711,4.463137,4.428705,4.537545,10
random,100,99999953,100000,rg-F,1.035593,0.016039,1.034483,1.012449,1.066361,10
