text,size_mb,size_bytes,patterns,ahogrep,grep_F,rg_F
natural,1,999987,1,25,25,25
natural,1,999987,10,43,43,43
natural,1,999987,100,308,308,308
natural,1,999987,1000,4951,4951,4951
natural,1,999987,10000,15027,15027,15027
natural,1,999987,100000,15581,15581,15581
natural,10,9999945,1,273,273,273
natural,10,9999945,10,427,427,427
natural,10,9999945,100,3327,3327,3327
natural,10,9999945,1000,48704,48704,48704
natural,10,9999945,10000,148078,148078,148078
natural,10,9999945,100000,155266,155266,155266
natural,100,99999965,1,2818,2818,2818
natural,100,99999965,10,4241,4241,4241
natural,100,99999965,100,33855,33855,33855
natural,100,99999965,1000,480909,480909,480909
natural,100,99999965,10000,1478497,1478497,1478497
natural,100,99999965,100000,1554173,1554173,1554173
random,1,999973,1,1,1,1
random,1,999973,10,8,8,8
random,1,999973,100,76,76,76
random,1,999973,1000,669,669,669
random,1,999973,10000,5248,5248,5248
random,1,999973,100000,12451,12451,12451
random,10,9999972,1,1,1,1
random,10,9999972,10,36,36,36
random,10,9999972,100,241,241,241
random,10,9999972,1000,2410,2410,2410
random,10,9999972,10000,20995,20995,20995
random,10,9999972,100000,103701,103701,103701
random,100,99999953,1,1,1,1
random,100,99999953,10,320,320,320
random,100,99999953,100,2161,2161,2161
random,100,99999953,1000,19883,19883,19883
random,100,99999953,10000,181072,181072,181072
random,100,99999953,100000,1016259,1016259,1016259
